<?xml version="1.0" encoding="UTF-8"?>
<feature
      id="viPluginFeature"
      label="viPluginFeature"
      version="0.2.11"
      provider-name="Michael Bartl"
      exclusive="true">

   <description>
      Add vi functionality on top of the eclipse editors.
   </description>

   <copyright>
      Copyright (c) 2003-2004, Michael Bartl
   </copyright>

   <license>
      All rights reserved. This program and the accompanying materials
are made available under the terms of the Common Public License
v1.0 which accompanies this distribution, and is available at
http://www.eclipse.org/legal/cpl-v10.html
   </license>

   <requires>
      <import plugin="org.eclipse.jface.text"/>
      <import plugin="org.eclipse.ui.workbench.texteditor"/>
      <import plugin="org.eclipse.core.resources"/>
      <import plugin="org.junit"/>
      <import plugin="org.eclipse.ui.workbench"/>
      <import plugin="org.eclipse.ui"/>
      <import plugin="org.eclipse.ui.ide"/>
      <import plugin="org.eclipse.core.runtime"/>
      <import plugin="org.eclipse.core.runtime.compatibility"/>
      <import plugin="org.eclipse.ui.editors"/>
   </requires>

   <plugin
         id="viPlugin"
         download-size="0"
         install-size="0"
         version="0.2.11"/>

</feature>
